{"cameraMode":{"drawMode":0,"name":"Shaded","section":"Shading Mode"},"sceneLighting":true,"audioPlay":false,"sceneViewState":{"m_AlwaysRefresh":false,"showFog":true,"showSkybox":true,"showFlares":true,"showImageEffects":true,"showParticleSystems":true,"showVisualEffectGraphs":true,"m_FxEnabled":true},"in2DMode":false,"pivot":{"x":21.81041717529297,"y":-3.355977773666382,"z":26.554800033569337},"rotation":{"x":0.057057831436395648,"y":0.17681102454662324,"z":-0.010298380628228188,"w":0.9827463030815125},"size":21.79865264892578,"orthographic":false}