{"cameraMode":{"drawMode":0,"name":"Shaded","section":"Shading Mode"},"sceneLighting":false,"audioPlay":false,"sceneViewState":{"m_AlwaysRefresh":false,"showFog":true,"showSkybox":false,"showFlares":true,"showImageEffects":true,"showParticleSystems":true,"showVisualEffectGraphs":true,"m_FxEnabled":true},"in2DMode":false,"pivot":{"x":0.12465754896402359,"y":1.0477241277694703,"z":-0.08441662043333054},"rotation":{"x":-0.008389838971197605,"y":-0.9912685751914978,"z":0.07528341561555863,"w":-0.10936341434717179},"size":1.1247308254241944,"orthographic":false}